[{"name":"htmlwidgets","version":"1.5.4","src":{"file":"www"},"meta":null,"script":"htmlwidgets.js","stylesheet":null,"head":null,"attachment":null,"package":"htmlwidgets","all_files":true},{"name":"d3","version":"4.5.0","src":{"file":"htmlwidgets\/lib\/d3-4.5.0"},"meta":null,"script":"d3.min.js","stylesheet":null,"head":null,"attachment":null,"package":"networkD3","all_files":true},{"name":"sankey","version":"1","src":{"file":"htmlwidgets\/lib"},"meta":null,"script":"sankey.js","stylesheet":null,"head":null,"attachment":null,"package":"networkD3","all_files":true},{"name":"sankeyNetwork-binding","version":"0.4","src":{"file":"htmlwidgets"},"meta":null,"script":"sankeyNetwork.js","stylesheet":null,"head":null,"attachment":null,"package":"networkD3","all_files":false}]
