"0","library(quanteda.textstats)"
"0","topwords <- toks_pres %>% "
"0","  tokens_keep(pattern = c('lula', 'ciro', 'bolsonaro', 'simone')) %>% "
"0","  dfm() %>% "
"0","  textstat_frequency(groups = authors_min) %>% "
"0","  tibble() "
"0",""
"0","topwords <- topwords %>% "
"0","  select(group, feature, frequency) %>% "
"0","  left_join(disc_pres, by = c('group' = 'authors_min')) %>% "
"0","  select(group, feature, frequency, author_dur_disc) %>% "
"0","  unique() %>% "
"0","  mutate(freq_dur = frequency / author_dur_disc) %>% "
"0","  rename(source = group,"
"0","         target = feature,"
"0","         value = freq_dur) %>% "
"0","  filter(source != target)"
"0",""
"0","topwords <- topwords %>% "
"0","  mutate(id_source = case_when(source == ""bolsonaro"" ~ 0,"
"0","                               source == ""ciro"" ~ 1,"
"0","                               source == ""lula"" ~ 2,"
"0","                               source == ""simone"" ~ 3),"
"0","         id_target = case_when(target == ""bolsonaro"" ~ 4,"
"0","                               target == ""ciro"" ~ 5,"
"0","                               target == ""lula"" ~ 6,"
"0","                               target == ""simone"" ~ 7))"
"0",""
"0","library(networkD3)"
"0",""
"0","topwords$target <- paste(topwords$target, ""_citado"", sep = """") "
"0",""
"0","nodes <- data.frame(name=c(as.character(topwords$source), "
"0","                           as.character(topwords$target)) %>%"
"0","                      unique())"
"0",""
"0","topwords$IDsource <- match(topwords$source, nodes$name)-1 "
"0","topwords$IDtarget <- match(topwords$target, nodes$name)-1"
"0",""
"0","sankeyNetwork(Links = topwords, Nodes = nodes,"
"0","              Source = ""IDsource"", Target = ""IDtarget"","
"0","              Value = ""value"", NodeID = ""name"", "
"0","              sinksRight=FALSE,"
"0","              fontFamily = ""calibri"","
"0","              fontSize = 14)"
"2","Links is a tbl_df. Converting to a plain data frame.
"
