{"chunk_definitions":[{"row":61,"row_count":1,"visible":true,"expansion_state":0,"options":{},"document_id":"99EE7CAB","chunk_id":"csetup_chunk","chunk_label":"setup"},{"row":195,"row_count":1,"visible":true,"expansion_state":0,"options":{"engine":"r","echo":false,"label":"unnamed-chunk-31"},"document_id":"99EE7CAB","chunk_id":"cejm51oa0o1y8","chunk_label":"unnamed-chunk-6"},{"row":274,"row_count":1,"visible":true,"expansion_state":0,"options":{"engine":"r","echo":false,"label":"unnamed-chunk-1"},"document_id":"99EE7CAB","chunk_id":"c3kt3fb6vcmlz","chunk_label":"unnamed-chunk-7"}],"doc_write_time":1662591379}